{"py/object": "__main__.Player", "user_id": 1010974191966769222, "curreny": 0, "rolls": 0.0, "grabs": 0.0, "max_rolls": 10, "max_grabs": 2, "last_roll_time": 1706660405.866986, "last_grab_time": 1706660402.1237833, "cards": [], "upgrades": [], "inventory": []}