{"py/object": "__main__.Player", "user_id": 211120770552823818, "curreny": 0, "rolls": 6.0, "grabs": 0.0, "max_rolls": 10, "max_grabs": 2, "last_roll_time": 1706736004.7047226, "last_grab_time": 1706734801.3878758, "cards": [], "upgrades": [], "inventory": []}